query_id,lot_id,publish_date,split,platform
rpl-5220408,5220408,2024-07-05,warmup,EM
rpl-5236216,5236216,2024-07-19,warmup,EM
rpl-5238915,5238915,2024-08-01,warmup,EM
rpl-5252523,5252523,2024-08-02,warmup,EM
rpl-5253424,5253424,2024-08-02,warmup,EM
rpl-5240424,5240424,2024-08-09,warmup,EM
rpl-5259542,5259542,2024-08-09,warmup,EM
rpl-5253149,5253149,2024-08-12,warmup,EM
rpl-5267293,5267293,2024-08-19,warmup,EM
rpl-5268638,5268638,2024-08-20,warmup,EM
rpl-5284999,5284999,2024-09-05,warmup,EM
rpl-5286831,5286831,2024-09-09,warmup,EM
rpl-5287318,5287318,2024-09-09,warmup,EM
rpl-5301327,5301327,2024-09-25,warmup,EM
rpl-5312383,5312383,2024-09-30,warmup,EM
rpl-5302104,5302104,2024-10-01,warmup,EM
rpl-5312254,5312254,2024-10-01,warmup,EM
rpl-5325272,5325272,2024-10-10,warmup,EM
rpl-5332794,5332794,2024-10-16,warmup,EM
rpl-5335361,5335361,2024-10-18,warmup,EM
rpl-5355163,5355163,2024-10-30,warmup,EM
rpl-5355455,5355455,2024-10-30,warmup,EM
rpl-5356282,5356282,2024-10-31,warmup,EM
rpl-5341066,5341066,2024-11-07,warmup,EM
rpl-5369378,5369378,2024-11-08,warmup,EM
rpl-5371205,5371205,2024-11-08,warmup,EM
rpl-5374672,5374672,2024-11-12,warmup,EM
rpl-5376795,5376795,2024-11-13,warmup,EM
rpl-5385470,5385470,2024-11-21,warmup,EM
rpl-5383109,5383109,2024-11-25,warmup,EM
rpl-5396563,5396563,2024-11-25,warmup,EM
rpl-5399695,5399695,2024-11-27,warmup,EM
rpl-5409669,5409669,2024-11-29,warmup,EM
rpl-5402916,5402916,2024-12-03,warmup,EM
rpl-5426403,5426403,2024-12-03,warmup,EM
rpl-5432547,5432547,2024-12-04,warmup,EM
rpl-5436694,5436694,2024-12-05,warmup,EM
rpl-5437256,5437256,2024-12-06,warmup,EM
rpl-5437440,5437440,2024-12-06,warmup,EM
rpl-5448615,5448615,2024-12-11,warmup,EM
rpl-5462331,5462331,2024-12-17,warmup,EM
rpl-5464053,5464053,2024-12-17,warmup,EM
rpl-5475247,5475247,2024-12-20,warmup,EM
rpl-5473007,5473007,2024-12-23,warmup,EM
rpl-5476722,5476722,2024-12-23,warmup,EM
rpl-5477564,5477564,2024-12-23,warmup,EM
rpl-5484422,5484422,2024-12-24,warmup,EM
rpl-5413913,5413913,2024-12-25,warmup,EM
rpl-5469437,5469437,2024-12-25,warmup,EM
rpl-5489423,5489423,2024-12-26,warmup,EM
rpl-5499489,5499489,2025-01-09,dev,EM
rpl-5503743,5503743,2025-01-13,dev,EM
rpl-5506524,5506524,2025-01-13,dev,EM
rpl-5510873,5510873,2025-01-14,dev,EM
rpl-5513832,5513832,2025-01-15,dev,EM
rpl-5514330,5514330,2025-01-15,dev,EM
rpl-5511078,5511078,2025-01-16,dev,EM
rpl-5518248,5518248,2025-01-18,dev,EM
rpl-5509808,5509808,2025-01-20,dev,EM
rpl-5512483,5512483,2025-01-20,dev,EM
rpl-5520670,5520670,2025-01-21,dev,EM
rpl-5524182,5524182,2025-01-22,dev,EM
rpl-5524232,5524232,2025-01-22,dev,EM
rpl-5525303,5525303,2025-01-22,dev,EM
rpl-5525329,5525329,2025-01-22,dev,EM
rpl-5526069,5526069,2025-01-22,dev,EM
rpl-5527079,5527079,2025-01-23,dev,EM
rpl-5527955,5527955,2025-01-23,dev,EM
rpl-5528109,5528109,2025-01-23,dev,EM
rpl-5528235,5528235,2025-01-23,dev,EM
rpl-5524805,5524805,2025-01-24,dev,EM
rpl-5527007,5527007,2025-01-24,dev,EM
rpl-5529452,5529452,2025-01-24,dev,EM
rpl-5529471,5529471,2025-01-24,dev,EM
rpl-5528623,5528623,2025-01-27,dev,EM
rpl-5530573,5530573,2025-01-27,dev,EM
rpl-5531373,5531373,2025-01-27,dev,EM
rpl-5531678,5531678,2025-01-27,dev,EM
rpl-5532243,5532243,2025-01-27,dev,EM
rpl-5532298,5532298,2025-01-27,dev,EM
rpl-5533218,5533218,2025-01-28,dev,EM
rpl-5537221,5537221,2025-01-30,dev,EM
rpl-5537764,5537764,2025-01-30,dev,EM
rpl-5538601,5538601,2025-01-30,dev,EM
rpl-5538871,5538871,2025-01-30,dev,EM
rpl-5531133,5531133,2025-02-03,dev,EM
rpl-5537058,5537058,2025-02-03,dev,EM
rpl-5538884,5538884,2025-02-03,dev,EM
rpl-5542125,5542125,2025-02-03,dev,EM
rpl-5542519,5542519,2025-02-03,dev,EM
rpl-5534810,5534810,2025-02-04,dev,EM
rpl-5541097,5541097,2025-02-04,dev,EM
rpl-5544838,5544838,2025-02-04,dev,EM
rpl-5541503,5541503,2025-02-05,dev,EM
rpl-5542885,5542885,2025-02-05,dev,EM
rpl-5544338,5544338,2025-02-05,dev,EM
rpl-5548944,5548944,2025-02-06,dev,EM
rpl-5532791,5532791,2025-02-07,dev,EM
rpl-5541771,5541771,2025-02-07,dev,EM
rpl-5549848,5549848,2025-02-07,dev,EM
rpl-5549993,5549993,2025-02-10,dev,EM
rpl-5555299,5555299,2025-02-11,dev,EM
rpl-5556208,5556208,2025-02-12,dev,EM
rpl-5556330,5556330,2025-02-12,dev,EM
rpl-5557745,5557745,2025-02-12,dev,EM
rpl-5552443,5552443,2025-02-13,dev,EM
rpl-5559084,5559084,2025-02-13,dev,EM
rpl-5507240,5507240,2025-02-14,dev,EM
rpl-5555962,5555962,2025-02-14,dev,EM
rpl-5559387,5559387,2025-02-14,dev,EM
rpl-5561348,5561348,2025-02-14,dev,EM
rpl-5561576,5561576,2025-02-14,dev,EM
rpl-5561366,5561366,2025-02-17,dev,EM
rpl-5563063,5563063,2025-02-17,dev,EM
rpl-5563770,5563770,2025-02-17,dev,EM
rpl-5564816,5564816,2025-02-18,dev,EM
rpl-5554758,5554758,2025-02-19,dev,EM
rpl-5559750,5559750,2025-02-19,dev,EM
rpl-5548383,5548383,2025-02-20,dev,EM
rpl-5553808,5553808,2025-02-20,dev,EM
rpl-5558048,5558048,2025-02-20,dev,EM
rpl-5565847,5565847,2025-02-20,dev,EM
rpl-5569336,5569336,2025-02-20,dev,EM
rpl-5570847,5570847,2025-02-21,dev,EM
rpl-5567506,5567506,2025-02-24,dev,EM
rpl-5573198,5573198,2025-02-24,dev,EM
rpl-5574263,5574263,2025-02-24,dev,EM
rpl-5542580,5542580,2025-02-25,dev,EM
rpl-5539901,5539901,2025-02-26,dev,EM
rpl-5559609,5559609,2025-02-26,dev,EM
rpl-5576873,5576873,2025-02-27,dev,EM
rpl-5579596,5579596,2025-02-27,dev,EM
rpl-5580708,5580708,2025-02-27,dev,EM
rpl-5581862,5581862,2025-02-27,dev,EM
rpl-5577553,5577553,2025-02-28,dev,EM
rpl-5581528,5581528,2025-02-28,dev,EM
rpl-5581811,5581811,2025-02-28,dev,EM
rpl-5582505,5582505,2025-02-28,dev,EM
rpl-5583213,5583213,2025-02-28,dev,EM
rpl-5576677,5576677,2025-03-03,dev,EM
rpl-5581208,5581208,2025-03-04,dev,EM
rpl-5588442,5588442,2025-03-04,dev,EM
rpl-5587031,5587031,2025-03-05,dev,EM
rpl-5588705,5588705,2025-03-05,dev,EM
rpl-5590733,5590733,2025-03-05,dev,EM
rpl-5590291,5590291,2025-03-06,dev,EM
rpl-5592249,5592249,2025-03-06,dev,EM
rpl-5592531,5592531,2025-03-06,dev,EM
rpl-5594099,5594099,2025-03-10,dev,EM
rpl-5584024,5584024,2025-03-11,dev,EM
rpl-5598528,5598528,2025-03-11,dev,EM
rpl-5586187,5586187,2025-03-12,dev,EM
rpl-5598766,5598766,2025-03-12,dev,EM
rpl-5599963,5599963,2025-03-12,dev,EM
rpl-5599982,5599982,2025-03-12,dev,EM
rpl-5600526,5600526,2025-03-12,dev,EM
rpl-5597573,5597573,2025-03-13,dev,EM
rpl-5598910,5598910,2025-03-13,dev,EM
rpl-5600670,5600670,2025-03-13,dev,EM
rpl-5601505,5601505,2025-03-13,dev,EM
rpl-5601974,5601974,2025-03-13,dev,EM
rpl-5544343,5544343,2025-03-14,dev,EM
rpl-5594877,5594877,2025-03-14,dev,EM
rpl-5603480,5603480,2025-03-14,dev,EM
rpl-5596305,5596305,2025-03-17,dev,EM
rpl-5606190,5606190,2025-03-17,dev,EM
rpl-5606893,5606893,2025-03-18,dev,EM
rpl-5608536,5608536,2025-03-18,dev,EM
rpl-5601045,5601045,2025-03-19,dev,EM
rpl-5612337,5612337,2025-03-19,dev,EM
rpl-5563248,5563248,2025-03-20,dev,EM
rpl-5558279,5558279,2025-03-21,dev,EM
rpl-5616015,5616015,2025-03-21,dev,EM
rpl-5616160,5616160,2025-03-21,dev,EM
rpl-5616544,5616544,2025-03-21,dev,EM
rpl-5615810,5615810,2025-03-24,dev,EM
rpl-5616126,5616126,2025-03-24,dev,EM
rpl-5616553,5616553,2025-03-24,dev,EM
rpl-5617610,5617610,2025-03-24,dev,EM
rpl-5559894,5559894,2025-03-25,dev,EM
rpl-5591349,5591349,2025-03-25,dev,EM
rpl-5608237,5608237,2025-03-25,dev,EM
rpl-5621298,5621298,2025-03-25,dev,EM
rpl-5534671,5534671,2025-03-26,dev,EM
rpl-5624889,5624889,2025-03-27,dev,EM
rpl-5626010,5626010,2025-03-27,dev,EM
rpl-5626048,5626048,2025-03-27,dev,EM
rpl-5604239,5604239,2025-03-28,dev,EM
rpl-5627362,5627362,2025-03-28,dev,EM
rpl-5627454,5627454,2025-03-28,dev,EM
rpl-5620611,5620611,2025-03-31,dev,EM
rpl-5621002,5621002,2025-03-31,dev,EM
rpl-5628056,5628056,2025-03-31,dev,EM
rpl-5629680,5629680,2025-03-31,dev,EM
rpl-5631266,5631266,2025-03-31,dev,EM
rpl-5614268,5614268,2025-04-01,dev,EM
rpl-5631307,5631307,2025-04-01,dev,EM
rpl-5632516,5632516,2025-04-01,dev,EM
rpl-5630655,5630655,2025-04-02,dev,EM
rpl-5631932,5631932,2025-04-02,dev,EM
rpl-5633879,5633879,2025-04-02,dev,EM
rpl-5634736,5634736,2025-04-02,dev,EM
rpl-5595360,5595360,2025-04-03,dev,EM
rpl-5626159,5626159,2025-04-03,dev,EM
rpl-5627418,5627418,2025-04-03,dev,EM
rpl-5635740,5635740,2025-04-03,dev,EM
rpl-5636725,5636725,2025-04-03,dev,EM
rpl-5637777,5637777,2025-04-03,dev,EM
rpl-5623673,5623673,2025-04-04,dev,EM
rpl-5636619,5636619,2025-04-04,dev,EM
rpl-5637233,5637233,2025-04-04,dev,EM
rpl-5637274,5637274,2025-04-04,dev,EM
rpl-5638395,5638395,2025-04-04,dev,EM
rpl-5639297,5639297,2025-04-04,dev,EM
rpl-5615504,5615504,2025-04-07,dev,EM
rpl-5640164,5640164,2025-04-07,dev,EM
rpl-5641057,5641057,2025-04-07,dev,EM
rpl-5641400,5641400,2025-04-07,dev,EM
rpl-5635626,5635626,2025-04-08,dev,EM
rpl-5639606,5639606,2025-04-08,dev,EM
rpl-5644983,5644983,2025-04-08,dev,EM
rpl-5642401,5642401,2025-04-09,dev,EM
rpl-5646307,5646307,2025-04-09,dev,EM
rpl-5648049,5648049,2025-04-10,dev,EM
rpl-5648362,5648362,2025-04-10,dev,EM
rpl-5648590,5648590,2025-04-10,dev,EM
rpl-5639824,5639824,2025-04-11,dev,EM
rpl-5649818,5649818,2025-04-11,dev,EM
rpl-5651371,5651371,2025-04-11,dev,EM
rpl-5637519,5637519,2025-04-14,dev,EM
rpl-5652935,5652935,2025-04-14,dev,EM
rpl-5633525,5633525,2025-04-15,dev,EM
rpl-5644577,5644577,2025-04-15,dev,EM
rpl-5649155,5649155,2025-04-15,dev,EM
rpl-5654542,5654542,2025-04-15,dev,EM
rpl-5649305,5649305,2025-04-16,dev,EM
rpl-5655168,5655168,2025-04-16,dev,EM
rpl-5657767,5657767,2025-04-16,dev,EM
rpl-5657798,5657798,2025-04-16,dev,EM
rpl-5658904,5658904,2025-04-16,dev,EM
rpl-5659273,5659273,2025-04-16,dev,EM
rpl-5653462,5653462,2025-04-17,dev,EM
rpl-5658683,5658683,2025-04-17,dev,EM
rpl-5659825,5659825,2025-04-17,dev,EM
rpl-5660588,5660588,2025-04-17,dev,EM
rpl-5661311,5661311,2025-04-17,dev,EM
rpl-5647512,5647512,2025-04-18,dev,EM
rpl-5650270,5650270,2025-04-18,dev,EM
rpl-5662522,5662522,2025-04-18,dev,EM
rpl-5657010,5657010,2025-04-21,dev,EM
rpl-5665109,5665109,2025-04-21,dev,EM
rpl-5666288,5666288,2025-04-21,dev,EM
rpl-5646125,5646125,2025-04-22,dev,EM
rpl-5668942,5668942,2025-04-22,dev,EM
rpl-5661486,5661486,2025-04-23,dev,EM
rpl-5670287,5670287,2025-04-23,dev,EM
rpl-5670856,5670856,2025-04-23,dev,EM
rpl-5671036,5671036,2025-04-23,dev,EM
rpl-5673642,5673642,2025-04-24,dev,EM
rpl-5674761,5674761,2025-04-25,dev,EM
rpl-5669188,5669188,2025-04-28,dev,EM
rpl-5675995,5675995,2025-04-28,dev,EM
rpl-5677448,5677448,2025-04-28,dev,EM
rpl-5677806,5677806,2025-04-28,dev,EM
rpl-5677971,5677971,2025-04-28,dev,EM
rpl-5679163,5679163,2025-04-28,dev,EM
rpl-5679531,5679531,2025-04-29,dev,EM
rpl-5661344,5661344,2025-04-30,dev,EM
rpl-5678769,5678769,2025-04-30,dev,EM
rpl-5680055,5680055,2025-04-30,dev,EM
rpl-5681955,5681955,2025-04-30,dev,EM
rpl-5682274,5682274,2025-04-30,dev,EM
rpl-5683312,5683312,2025-04-30,dev,EM
rpl-5684176,5684176,2025-05-06,dev,EM
rpl-5686187,5686187,2025-05-06,dev,EM
rpl-5687118,5687118,2025-05-06,dev,EM
rpl-5683620,5683620,2025-05-12,dev,EM
rpl-5673582,5673582,2025-05-13,dev,EM
rpl-5692134,5692134,2025-05-13,dev,EM
rpl-5688050,5688050,2025-05-14,dev,EM
rpl-5692850,5692850,2025-05-14,dev,EM
rpl-5696325,5696325,2025-05-15,dev,EM
rpl-5699753,5699753,2025-05-19,dev,EM
rpl-5701460,5701460,2025-05-19,dev,EM
rpl-5705032,5705032,2025-05-21,dev,EM
rpl-5705476,5705476,2025-05-21,dev,EM
rpl-5705768,5705768,2025-05-22,dev,EM
rpl-5707034,5707034,2025-05-22,dev,EM
rpl-5709082,5709082,2025-05-22,dev,EM
rpl-5682219,5682219,2025-05-23,dev,EM
rpl-5702353,5702353,2025-05-23,dev,EM
rpl-5710121,5710121,2025-05-23,dev,EM
rpl-5711156,5711156,2025-05-26,dev,EM
rpl-5712955,5712955,2025-05-26,dev,EM
rpl-5704646,5704646,2025-05-27,dev,EM
rpl-5704834,5704834,2025-05-27,dev,EM
rpl-5714306,5714306,2025-05-27,dev,EM
rpl-5705929,5705929,2025-05-28,dev,EM
rpl-5712129,5712129,2025-05-28,dev,EM
rpl-5716706,5716706,2025-05-28,dev,EM
rpl-5716896,5716896,2025-05-28,dev,EM
rpl-5719234,5719234,2025-05-29,dev,EM
rpl-5718621,5718621,2025-05-30,dev,EM
rpl-5720744,5720744,2025-05-30,dev,EM
rpl-5721507,5721507,2025-05-30,dev,EM
rpl-5722303,5722303,2025-06-02,dev,EM
rpl-5722951,5722951,2025-06-02,dev,EM
rpl-5723096,5723096,2025-06-02,dev,EM
rpl-5719788,5719788,2025-06-03,dev,EM
rpl-5726517,5726517,2025-06-03,dev,EM
rpl-5719362,5719362,2025-06-04,dev,EM
rpl-5729044,5729044,2025-06-05,dev,EM
rpl-5730203,5730203,2025-06-06,dev,EM
rpl-5686581,5686581,2025-06-09,dev,EM
rpl-5725576,5725576,2025-06-09,dev,EM
rpl-5731761,5731761,2025-06-09,dev,EM
rpl-5734148,5734148,2025-06-09,dev,EM
rpl-5735902,5735902,2025-06-10,dev,EM
rpl-5731049,5731049,2025-06-11,dev,EM
rpl-5733607,5733607,2025-06-11,dev,EM
rpl-5734969,5734969,2025-06-16,dev,EM
rpl-5737034,5737034,2025-06-16,dev,EM
rpl-5737610,5737610,2025-06-16,dev,EM
rpl-5737674,5737674,2025-06-16,dev,EM
rpl-5738844,5738844,2025-06-16,dev,EM
rpl-5739355,5739355,2025-06-16,dev,EM
rpl-5738184,5738184,2025-06-17,dev,EM
rpl-5739261,5739261,2025-06-17,dev,EM
rpl-5731481,5731481,2025-06-18,dev,EM
rpl-5737814,5737814,2025-06-18,dev,EM
rpl-5741098,5741098,2025-06-18,dev,EM
rpl-5742114,5742114,2025-06-18,dev,EM
rpl-5743395,5743395,2025-06-18,dev,EM
rpl-5737759,5737759,2025-06-19,dev,EM
rpl-5738301,5738301,2025-06-19,dev,EM
rpl-5739474,5739474,2025-06-19,dev,EM
rpl-5746047,5746047,2025-06-20,dev,EM
rpl-5746153,5746153,2025-06-20,dev,EM
rpl-5746406,5746406,2025-06-20,dev,EM
rpl-5728534,5728534,2025-06-23,dev,EM
rpl-5747338,5747338,2025-06-23,dev,EM
rpl-5750694,5750694,2025-06-24,dev,EM
rpl-5749559,5749559,2025-06-25,dev,EM
rpl-5749585,5749585,2025-06-25,dev,EM
rpl-5751632,5751632,2025-06-25,dev,EM
rpl-5753128,5753128,2025-06-25,dev,EM
rpl-5754097,5754097,2025-06-26,dev,EM
rpl-5754626,5754626,2025-06-26,dev,EM
rpl-5757200,5757200,2025-06-30,dev,EM
rpl-5757265,5757265,2025-06-30,dev,EM
rpl-5757072,5757072,2025-07-01,holdout,EM
rpl-5754461,5754461,2025-07-04,holdout,EM
rpl-5757354,5757354,2025-07-07,holdout,EM
rpl-5767213,5767213,2025-07-08,holdout,EM
rpl-5768050,5768050,2025-07-09,holdout,EM
rpl-5768485,5768485,2025-07-09,holdout,EM
rpl-5768959,5768959,2025-07-09,holdout,EM
rpl-5768316,5768316,2025-07-10,holdout,EM
rpl-5771198,5771198,2025-07-10,holdout,EM
rpl-5772673,5772673,2025-07-11,holdout,EM
rpl-5773176,5773176,2025-07-14,holdout,EM
rpl-5763533,5763533,2025-07-15,holdout,EM
rpl-5759913,5759913,2025-07-16,holdout,EM
rpl-5765203,5765203,2025-07-16,holdout,EM
rpl-5768677,5768677,2025-07-16,holdout,EM
rpl-5777177,5777177,2025-07-16,holdout,EM
rpl-5778506,5778506,2025-07-17,holdout,EM
rpl-5778307,5778307,2025-07-18,holdout,EM
rpl-5779437,5779437,2025-07-18,holdout,EM
rpl-5771663,5771663,2025-07-21,holdout,EM
rpl-5773066,5773066,2025-07-21,holdout,EM
rpl-5778182,5778182,2025-07-21,holdout,EM
rpl-5778525,5778525,2025-07-21,holdout,EM
rpl-5780601,5780601,2025-07-21,holdout,EM
rpl-5780798,5780798,2025-07-21,holdout,EM
rpl-5781919,5781919,2025-07-22,holdout,EM
rpl-5776309,5776309,2025-07-23,holdout,EM
rpl-5781214,5781214,2025-07-23,holdout,EM
rpl-5784398,5784398,2025-07-23,holdout,EM
rpl-5782178,5782178,2025-07-24,holdout,EM
rpl-5752394,5752394,2025-07-25,holdout,EM
rpl-5780922,5780922,2025-07-25,holdout,EM
rpl-5786484,5786484,2025-07-25,holdout,EM
rpl-5785470,5785470,2025-07-28,holdout,EM
rpl-5787638,5787638,2025-07-28,holdout,EM
rpl-5787770,5787770,2025-07-28,holdout,EM
rpl-5788325,5788325,2025-07-28,holdout,EM
rpl-5789582,5789582,2025-07-29,holdout,EM
rpl-5785211,5785211,2025-07-30,holdout,EM
rpl-5790698,5790698,2025-07-30,holdout,EM
rpl-5793748,5793748,2025-08-04,holdout,EM
rpl-5794714,5794714,2025-08-04,holdout,EM
rpl-5792083,5792083,2025-08-05,holdout,EM
rpl-5796442,5796442,2025-08-05,holdout,EM
rpl-5797443,5797443,2025-08-06,holdout,EM
rpl-5782971,5782971,2025-08-11,holdout,EM
rpl-5784534,5784534,2025-08-11,holdout,EM
rpl-5801857,5801857,2025-08-11,holdout,EM
rpl-5803248,5803248,2025-08-11,holdout,EM
rpl-5803418,5803418,2025-08-11,holdout,EM
rpl-5801863,5801863,2025-08-12,holdout,EM
rpl-5803747,5803747,2025-08-12,holdout,EM
rpl-5806019,5806019,2025-08-13,holdout,EM
rpl-5806845,5806845,2025-08-14,holdout,EM
rpl-5807519,5807519,2025-08-14,holdout,EM
rpl-5807555,5807555,2025-08-14,holdout,EM
rpl-5734786,5734786,2025-08-18,holdout,EM
rpl-5781867,5781867,2025-08-18,holdout,EM
rpl-5808198,5808198,2025-08-18,holdout,EM
rpl-5810234,5810234,2025-08-18,holdout,EM
rpl-5811284,5811284,2025-08-19,holdout,EM
rpl-5797230,5797230,2025-08-20,holdout,EM
rpl-5797435,5797435,2025-08-20,holdout,EM
rpl-5797528,5797528,2025-08-20,holdout,EM
rpl-5810367,5810367,2025-08-21,holdout,EM
rpl-5815399,5815399,2025-08-21,holdout,EM
rpl-5812894,5812894,2025-08-22,holdout,EM
rpl-5817374,5817374,2025-08-22,holdout,EM
rpl-5763658,5763658,2025-08-25,holdout,EM
rpl-5818767,5818767,2025-08-25,holdout,EM
rpl-5814879,5814879,2025-08-26,holdout,EM
rpl-5814892,5814892,2025-08-26,holdout,EM
rpl-5815148,5815148,2025-08-26,holdout,EM
rpl-5819882,5819882,2025-08-26,holdout,EM
rpl-5823639,5823639,2025-08-29,holdout,EM
rpl-5825024,5825024,2025-08-29,holdout,EM
rpl-5825350,5825350,2025-08-29,holdout,EM
rpl-5824447,5824447,2025-09-01,holdout,EM
rpl-5826557,5826557,2025-09-01,holdout,EM
rpl-5827690,5827690,2025-09-02,holdout,EM
rpl-5830862,5830862,2025-09-04,holdout,EM
rpl-5830980,5830980,2025-09-04,holdout,EM
rpl-5833477,5833477,2025-09-08,holdout,EM
rpl-5835307,5835307,2025-09-09,holdout,EM
rpl-5830357,5830357,2025-09-10,holdout,EM
rpl-5831560,5831560,2025-09-10,holdout,EM
rpl-5831825,5831825,2025-09-10,holdout,EM
rpl-5836671,5836671,2025-09-10,holdout,EM
rpl-5836732,5836732,2025-09-10,holdout,EM
rpl-5836863,5836863,2025-09-10,holdout,EM
rpl-5836867,5836867,2025-09-10,holdout,EM
rpl-5827329,5827329,2025-09-11,holdout,EM
rpl-5831029,5831029,2025-09-11,holdout,EM
rpl-5840203,5840203,2025-09-12,holdout,EM
rpl-5842949,5842949,2025-09-16,holdout,EM
rpl-5844286,5844286,2025-09-16,holdout,EM
rpl-5839291,5839291,2025-09-17,holdout,EM
rpl-5846058,5846058,2025-09-17,holdout,EM
rpl-5854265,5854265,2025-09-23,holdout,EM
rpl-5854776,5854776,2025-09-23,holdout,EM
rpl-5843756,5843756,2025-09-24,holdout,EM
rpl-5855491,5855491,2025-09-24,holdout,EM
rpl-5843137,5843137,2025-09-25,holdout,EM
rpl-5849126,5849126,2025-09-25,holdout,EM
rpl-5857664,5857664,2025-09-25,holdout,EM
rpl-5857893,5857893,2025-09-25,holdout,EM
rpl-5858499,5858499,2025-09-25,holdout,EM
rpl-5849417,5849417,2025-09-26,holdout,EM
rpl-5854249,5854249,2025-09-29,holdout,EM
rpl-5860547,5860547,2025-09-29,holdout,EM
rpl-5862680,5862680,2025-09-29,holdout,EM
rpl-5854875,5854875,2025-09-30,holdout,EM
rpl-5862077,5862077,2025-10-01,holdout,EM
rpl-5865465,5865465,2025-10-01,holdout,EM
rpl-5865563,5865563,2025-10-01,holdout,EM
rpl-5866013,5866013,2025-10-01,holdout,EM
rpl-5866072,5866072,2025-10-01,holdout,EM
rpl-5865208,5865208,2025-10-02,holdout,EM
rpl-5867504,5867504,2025-10-02,holdout,EM
rpl-5856262,5856262,2025-10-03,holdout,EM
rpl-5872686,5872686,2025-10-07,holdout,EM
rpl-5872809,5872809,2025-10-07,holdout,EM
rpl-5873153,5873153,2025-10-08,holdout,EM
rpl-5874700,5874700,2025-10-08,holdout,EM
rpl-5838327,5838327,2025-10-09,holdout,EM
rpl-5872930,5872930,2025-10-09,holdout,EM
rpl-5874139,5874139,2025-10-09,holdout,EM
rpl-5876533,5876533,2025-10-09,holdout,EM
rpl-5876865,5876865,2025-10-09,holdout,EM
rpl-5862270,5862270,2025-10-10,holdout,EM
rpl-5880417,5880417,2025-10-10,holdout,EM
rpl-5880684,5880684,2025-10-13,holdout,EM
rpl-5881412,5881412,2025-10-13,holdout,EM
rpl-5871584,5871584,2025-10-14,holdout,EM
rpl-5878106,5878106,2025-10-15,holdout,EM
rpl-5882784,5882784,2025-10-15,holdout,EM
rpl-5886087,5886087,2025-10-15,holdout,EM
rpl-5887814,5887814,2025-10-15,holdout,EM
rpl-5868615,5868615,2025-10-16,holdout,EM
rpl-5889335,5889335,2025-10-16,holdout,EM
rpl-5889564,5889564,2025-10-16,holdout,EM
rpl-5892211,5892211,2025-10-17,holdout,EM
rpl-5875261,5875261,2025-10-20,holdout,EM
rpl-5892593,5892593,2025-10-20,holdout,EM
rpl-5890111,5890111,2025-10-21,holdout,EM
rpl-5892388,5892388,2025-10-21,holdout,EM
rpl-5892520,5892520,2025-10-21,holdout,EM
rpl-5862690,5862690,2025-10-22,holdout,EM
rpl-5887713,5887713,2025-10-22,holdout,EM
rpl-5897896,5897896,2025-10-22,holdout,EM
rpl-5898106,5898106,2025-10-22,holdout,EM
rpl-5898208,5898208,2025-10-22,holdout,EM
rpl-5896298,5896298,2025-10-23,holdout,EM
rpl-5885720,5885720,2025-10-27,holdout,EM
rpl-5887017,5887017,2025-10-27,holdout,EM
rpl-5902662,5902662,2025-10-27,holdout,EM
rpl-5903505,5903505,2025-10-28,holdout,EM
rpl-5903511,5903511,2025-10-29,holdout,EM
rpl-5911702,5911702,2025-10-29,holdout,EM
rpl-5913175,5913175,2025-10-30,holdout,EM
rpl-5915510,5915510,2025-10-31,holdout,EM
rpl-5919116,5919116,2025-11-05,holdout,EM
rpl-5920454,5920454,2025-11-05,holdout,EM
rpl-5922270,5922270,2025-11-07,holdout,EM
rpl-5920336,5920336,2025-11-10,holdout,EM
rpl-5927365,5927365,2025-11-10,holdout,EM
rpl-5928710,5928710,2025-11-10,holdout,EM
rpl-5929788,5929788,2025-11-10,holdout,EM
rpl-5885143,5885143,2025-11-11,holdout,EM
rpl-5930484,5930484,2025-11-11,holdout,EM
rpl-5931294,5931294,2025-11-11,holdout,EM
rpl-5933491,5933491,2025-11-11,holdout,EM
rpl-5933250,5933250,2025-11-12,holdout,EM
rpl-5934376,5934376,2025-11-12,holdout,EM
rpl-5870150,5870150,2025-11-13,holdout,EM
rpl-5937486,5937486,2025-11-13,holdout,EM
rpl-5938393,5938393,2025-11-13,holdout,EM
rpl-5939417,5939417,2025-11-13,holdout,EM
rpl-5940722,5940722,2025-11-14,holdout,EM
rpl-5909228,5909228,2025-11-17,holdout,EM
rpl-5944794,5944794,2025-11-17,holdout,EM
rpl-5946551,5946551,2025-11-18,holdout,EM
rpl-5947121,5947121,2025-11-18,holdout,EM
rpl-5948300,5948300,2025-11-18,holdout,EM
rpl-5948500,5948500,2025-11-19,holdout,EM
rpl-5939130,5939130,2025-11-20,holdout,EM
rpl-5952856,5952856,2025-11-20,holdout,EM
rpl-5953671,5953671,2025-11-20,holdout,EM
rpl-5954168,5954168,2025-11-20,holdout,EM
rpl-5956456,5956456,2025-11-21,holdout,EM
rpl-5958118,5958118,2025-11-21,holdout,EM
rpl-5958233,5958233,2025-11-21,holdout,EM
rpl-5953192,5953192,2025-11-24,holdout,EM
rpl-5957771,5957771,2025-11-24,holdout,EM
rpl-5958539,5958539,2025-11-24,holdout,EM
rpl-5959933,5959933,2025-11-24,holdout,EM
rpl-5962592,5962592,2025-11-25,holdout,EM
rpl-5963418,5963418,2025-11-25,holdout,EM
rpl-5952743,5952743,2025-11-26,holdout,EM
rpl-5964118,5964118,2025-11-26,holdout,EM
rpl-5965900,5965900,2025-11-26,holdout,EM
rpl-5966826,5966826,2025-11-26,holdout,EM
rpl-5966910,5966910,2025-11-26,holdout,EM
rpl-5969385,5969385,2025-11-26,holdout,EM
rpl-5965801,5965801,2025-11-27,holdout,EM
rpl-5969734,5969734,2025-11-27,holdout,EM
rpl-5970631,5970631,2025-11-27,holdout,EM
rpl-5971279,5971279,2025-11-27,holdout,EM
rpl-5972084,5972084,2025-11-27,holdout,EM
rpl-5972308,5972308,2025-11-27,holdout,EM
rpl-5947069,5947069,2025-11-28,holdout,EM
rpl-5953389,5953389,2025-11-28,holdout,EM
rpl-5974261,5974261,2025-11-28,holdout,EM
rpl-5975835,5975835,2025-11-28,holdout,EM
rpl-5946440,5946440,2025-12-01,holdout,EM
rpl-5954545,5954545,2025-12-01,holdout,EM
rpl-5980004,5980004,2025-12-01,holdout,EM
rpl-5971617,5971617,2025-12-02,holdout,EM
rpl-5979263,5979263,2025-12-02,holdout,EM
rpl-5960323,5960323,2025-12-03,holdout,EM
rpl-5982418,5982418,2025-12-03,holdout,EM
rpl-5986331,5986331,2025-12-03,holdout,EM
rpl-5986765,5986765,2025-12-03,holdout,EM
rpl-5991472,5991472,2025-12-04,holdout,EM
rpl-5993392,5993392,2025-12-04,holdout,EM
rpl-5993480,5993480,2025-12-04,holdout,EM
rpl-5989541,5989541,2025-12-05,holdout,EM
rpl-5992402,5992402,2025-12-05,holdout,EM
rpl-5993057,5993057,2025-12-05,holdout,EM
rpl-5908794,5908794,2025-12-08,holdout,EM
rpl-5970701,5970701,2025-12-08,holdout,EM
rpl-5995199,5995199,2025-12-08,holdout,EM
rpl-5997928,5997928,2025-12-08,holdout,EM
rpl-5998328,5998328,2025-12-08,holdout,EM
rpl-5974440,5974440,2025-12-09,holdout,EM
rpl-5980209,5980209,2025-12-09,holdout,EM
rpl-5985369,5985369,2025-12-09,holdout,EM
rpl-6001513,6001513,2025-12-09,holdout,EM
rpl-5999797,5999797,2025-12-10,holdout,EM
rpl-6005243,6005243,2025-12-10,holdout,EM
rpl-6006188,6006188,2025-12-10,holdout,EM
rpl-6007897,6007897,2025-12-10,holdout,EM
rpl-6008295,6008295,2025-12-10,holdout,EM
rpl-6000764,6000764,2025-12-11,holdout,EM
rpl-6009585,6009585,2025-12-11,holdout,EM
rpl-6008187,6008187,2025-12-12,holdout,EM
rpl-6016717,6016717,2025-12-15,holdout,EM
rpl-6018197,6018197,2025-12-15,holdout,EM
rpl-6018522,6018522,2025-12-15,holdout,EM
rpl-6019329,6019329,2025-12-15,holdout,EM
rpl-6015533,6015533,2025-12-16,holdout,EM
rpl-6019897,6019897,2025-12-16,holdout,EM
rpl-6022137,6022137,2025-12-16,holdout,EM
rpl-5993431,5993431,2025-12-17,holdout,EM
rpl-5999248,5999248,2025-12-17,holdout,EM
rpl-6017995,6017995,2025-12-17,holdout,EM
rpl-6023015,6023015,2025-12-17,holdout,EM
rpl-6023761,6023761,2025-12-17,holdout,EM
rpl-6024508,6024508,2025-12-17,holdout,EM
rpl-6025296,6025296,2025-12-17,holdout,EM
rpl-6025815,6025815,2025-12-17,holdout,EM
rpl-6017821,6017821,2025-12-18,holdout,EM
rpl-6018185,6018185,2025-12-18,holdout,EM
rpl-6029983,6029983,2025-12-18,holdout,EM
rpl-6020015,6020015,2025-12-19,holdout,EM
rpl-6030147,6030147,2025-12-19,holdout,EM
rpl-6031877,6031877,2025-12-19,holdout,EM
rpl-6032277,6032277,2025-12-19,holdout,EM
rpl-6031445,6031445,2025-12-22,holdout,EM
rpl-6034605,6034605,2025-12-22,holdout,EM
rpl-6034661,6034661,2025-12-22,holdout,EM
rpl-6034829,6034829,2025-12-22,holdout,EM
rpl-6035030,6035030,2025-12-22,holdout,EM
rpl-6035661,6035661,2025-12-22,holdout,EM
rpl-6019302,6019302,2025-12-23,holdout,EM
rpl-6027326,6027326,2025-12-23,holdout,EM
rpl-6029685,6029685,2025-12-23,holdout,EM
rpl-6030033,6030033,2025-12-23,holdout,EM
rpl-6033907,6033907,2025-12-23,holdout,EM
rpl-6038639,6038639,2025-12-23,holdout,EM
rpl-6040000,6040000,2025-12-23,holdout,EM
rpl-6041561,6041561,2025-12-23,holdout,EM
rpl-6041735,6041735,2025-12-23,holdout,EM
rpl-6035452,6035452,2025-12-24,holdout,EM
rpl-6038187,6038187,2025-12-24,holdout,EM
rpl-6038873,6038873,2025-12-24,holdout,EM
rpl-6041701,6041701,2025-12-24,holdout,EM
rpl-6043275,6043275,2025-12-24,holdout,EM
rpl-6044901,6044901,2025-12-24,holdout,EM
rpl-6045603,6045603,2025-12-24,holdout,EM
rpl-6047437,6047437,2025-12-25,holdout,EM
rpl-6047637,6047637,2025-12-25,holdout,EM
rpl-6048480,6048480,2025-12-25,holdout,EM
rpl-6044799,6044799,2025-12-26,holdout,EM
rpl-6046666,6046666,2025-12-26,holdout,EM
rpl-6050568,6050568,2025-12-26,holdout,EM
rpl-6051575,6051575,2025-12-26,holdout,EM
rpl-6046586,6046586,2025-12-29,holdout,EM
rpl-6049949,6049949,2025-12-29,holdout,EM
rpl-6051833,6051833,2025-12-29,holdout,EM
