query_id,stratum,stratum_weight,okpd2_sections,n_items,n_okpd2_codes,n_relations,n_winners,generic_title,winner_seen_before_anywhere,winner_seen_same_okpd2,winner_seen_same_okpd2_group,winner_seen_same_customer,difficulty
rpl-5220408,B,275.0,B,1,1,2,1,false,true,false,false,true,HARD
rpl-5236216,C,1910.8462,C,8,6,3,1,true,true,true,true,true,EASY
rpl-5238915,L,70.0,L,2,1,2,1,false,true,true,true,false,EASY
rpl-5252523,P,506.75,P,1,1,2,1,false,true,true,true,false,EASY
rpl-5253424,C,1910.8462,C,3,1,6,1,false,true,false,true,true,MEDIUM
rpl-5240424,O,374.0,O,12,1,2,1,false,true,true,true,false,EASY
rpl-5259542,M,523.0,M,1,1,5,1,false,true,true,true,false,EASY
rpl-5253149,C,1910.8462,C,1,1,2,1,false,true,true,true,false,EASY
rpl-5267293,N,710.8,N,2,1,2,1,false,true,true,true,true,EASY
rpl-5268638,A,77.0,A,2,1,2,1,false,true,false,true,false,MEDIUM
rpl-5284999,F,576.3333,F,1,1,5,1,false,true,true,true,false,EASY
rpl-5286831,C,1910.8462,C,2,2,2,1,false,true,false,false,false,HARD
rpl-5287318,C,1910.8462,C,1,1,3,1,false,true,true,true,false,EASY
rpl-5301327,P,506.75,P,1,1,4,1,false,true,true,true,false,EASY
rpl-5312383,H,128.0,H,1,1,2,1,false,true,true,true,false,EASY
rpl-5302104,M,523.0,M,6,1,5,1,false,true,true,true,false,EASY
rpl-5312254,E,298.5,E,1,1,4,1,false,true,true,true,true,EASY
rpl-5325272,C,1910.8462,C,1,1,2,1,false,true,true,true,true,EASY
rpl-5332794,R,86.0,R,1,1,2,1,false,true,true,true,true,EASY
rpl-5335361,C,1910.8462,C,1,1,3,1,false,true,true,true,true,EASY
rpl-5355163,C,1910.8462,C,1,1,2,1,false,true,true,true,true,EASY
rpl-5355455,C,1910.8462,C,1,1,4,1,false,true,false,true,false,MEDIUM
rpl-5356282,N,710.8,N,4,1,2,1,false,true,true,true,true,EASY
rpl-5341066,Q,446.3333,Q,44,1,5,1,false,true,true,true,false,EASY
rpl-5369378,P,506.75,P,1,1,3,1,false,true,true,true,true,EASY
rpl-5371205,G,349.0,G,1,1,2,1,false,true,true,true,false,EASY
rpl-5374672,M,523.0,M,1,1,5,1,false,true,true,true,false,EASY
rpl-5376795,E,298.5,E,1,1,5,1,false,true,true,true,false,EASY
rpl-5385470,S,439.0,S,1,1,2,1,false,true,true,true,true,EASY
rpl-5383109,C,1910.8462,C,2,1,6,1,false,true,true,true,false,EASY
rpl-5396563,P,506.75,P,1,1,5,1,false,true,true,true,false,EASY
rpl-5399695,C,1910.8462,C,2,1,4,1,false,true,true,true,true,EASY
rpl-5409669,J,364.6667,J,1,1,2,1,false,true,true,true,true,EASY
rpl-5402916,C,1910.8462,C,2,1,4,1,false,true,true,true,true,EASY
rpl-5426403,J,364.6667,J,3,1,2,1,false,true,true,true,false,EASY
rpl-5432547,J,364.6667,J,7,1,2,1,false,true,true,true,true,EASY
rpl-5436694,C,1910.8462,C,1,1,2,1,false,true,true,true,false,EASY
rpl-5437256,K,209.0,K,1,1,2,1,false,true,true,true,true,EASY
rpl-5437440,N,710.8,N,1,1,3,1,false,true,true,true,true,EASY
rpl-5448615,Q,446.3333,Q,1,1,2,1,false,true,true,true,false,EASY
rpl-5462331,Q,446.3333,Q,3,1,3,1,false,true,true,true,false,EASY
rpl-5464053,F,576.3333,F,1,1,3,1,false,true,true,true,false,EASY
rpl-5475247,S,439.0,S,1,1,5,1,false,true,true,true,true,EASY
rpl-5473007,N,710.8,N,1,1,4,1,false,true,true,true,true,EASY
rpl-5476722,M,523.0,M,1,1,5,1,false,true,true,true,true,EASY
rpl-5477564,MULTI,295.5,N|O,2,2,7,1,false,true,true,true,false,EASY
rpl-5484422,K,209.0,K,1,1,2,1,false,true,true,true,false,EASY
rpl-5413913,MULTI,295.5,C|M,7,2,2,1,false,true,true,true,false,EASY
rpl-5469437,N,710.8,N,1,1,3,1,false,true,true,true,true,EASY
rpl-5489423,F,576.3333,F,1,1,2,1,false,false,false,false,false,HARD
rpl-5499489,I,9.5,I,1,1,2,1,false,true,true,true,true,EASY
rpl-5503743,B,39.4444,B,1,1,2,1,false,true,true,true,false,EASY
rpl-5506524,N,93.6087,N,1,1,7,1,false,true,false,true,true,MEDIUM
rpl-5510873,C,288.7465,C,2,2,18,1,true,true,true,true,true,EASY
rpl-5513832,Q,75.2778,Q,1,1,3,1,false,true,true,true,true,EASY
rpl-5514330,C,288.7465,C,1,1,3,1,false,true,true,true,false,EASY
rpl-5511078,S,63.875,S,1,1,4,1,false,true,true,true,true,EASY
rpl-5518248,K,56.9286,K,1,1,4,1,false,true,true,true,false,EASY
rpl-5509808,K,56.9286,K,1,1,5,1,false,true,true,true,true,EASY
rpl-5512483,N,93.6087,N,2,1,7,1,false,true,true,true,false,EASY
rpl-5520670,E,42.1818,E,1,1,3,1,false,true,true,true,true,EASY
rpl-5524182,Q,75.2778,Q,28,1,7,1,false,true,true,true,true,EASY
rpl-5524232,F,69.125,F,2,2,3,1,false,true,true,true,false,EASY
rpl-5525303,N,93.6087,N,1,1,2,1,false,true,true,true,true,EASY
rpl-5525329,N,93.6087,N,2,1,2,1,false,false,false,false,false,HARD
rpl-5526069,S,63.875,S,1,1,3,1,false,true,true,true,true,EASY
rpl-5527079,N,93.6087,N,1,1,4,1,false,true,true,true,false,EASY
rpl-5527955,Q,75.2778,Q,1,1,2,1,false,true,true,true,true,EASY
rpl-5528109,A,18.0,A,1,1,3,1,false,true,true,true,true,EASY
rpl-5528235,H,29.5714,H,3,1,3,1,false,true,true,true,true,EASY
rpl-5524805,G,42.0,G,1,1,2,1,false,true,true,true,true,EASY
rpl-5527007,C,288.7465,C,4,2,2,1,false,true,true,true,true,EASY
rpl-5529452,Q,75.2778,Q,1,1,4,1,false,true,true,true,true,EASY
rpl-5529471,P,109.4815,P,1,1,14,1,false,true,true,true,true,EASY
rpl-5528623,J,61.1429,J,1,1,2,1,false,true,true,true,true,EASY
rpl-5530573,J,61.1429,J,1,1,5,1,false,true,true,true,false,EASY
rpl-5531373,H,29.5714,H,1,1,7,1,false,true,true,true,false,EASY
rpl-5531678,C,288.7465,C,17,12,11,1,true,true,true,true,true,EASY
rpl-5532243,N,93.6087,N,12,1,6,1,false,true,true,true,false,EASY
rpl-5532298,C,288.7465,C,2,2,11,1,true,true,true,true,true,EASY
rpl-5533218,MULTI,41.7,C|J,2,2,5,1,false,true,true,true,false,EASY
rpl-5537221,N,93.6087,N,1,1,3,1,false,true,true,true,false,EASY
rpl-5537764,K,56.9286,K,3,1,3,1,false,true,true,true,true,EASY
rpl-5538601,M,98.96,M,1,1,4,1,false,true,true,true,false,EASY
rpl-5538871,Q,75.2778,Q,2,1,6,1,false,true,true,true,false,EASY
rpl-5531133,Q,75.2778,Q,1,1,5,1,false,true,true,true,false,EASY
rpl-5537058,C,288.7465,C,1,1,7,1,false,true,true,true,true,EASY
rpl-5538884,A,18.0,A,10,1,3,1,false,true,true,true,true,EASY
rpl-5542125,M,98.96,M,1,1,5,1,false,true,true,true,true,EASY
rpl-5542519,G,42.0,G,1,1,3,1,false,true,false,true,true,MEDIUM
rpl-5534810,F,69.125,F,1,1,2,1,false,true,false,true,false,MEDIUM
rpl-5541097,J,61.1429,J,1,1,2,1,false,true,true,true,false,EASY
rpl-5544838,Q,75.2778,Q,1,1,4,1,false,true,true,true,true,EASY
rpl-5541503,P,109.4815,P,2,1,9,1,false,true,true,true,true,EASY
rpl-5542885,M,98.96,M,1,1,4,1,false,true,false,false,true,HARD
rpl-5544338,N,93.6087,N,2,1,3,1,false,true,true,true,false,EASY
rpl-5548944,Q,75.2778,Q,20,1,6,1,false,true,true,true,true,EASY
rpl-5532791,M,98.96,M,1,1,4,1,false,true,false,false,true,HARD
rpl-5541771,B,39.4444,B,1,1,5,1,false,true,true,true,false,EASY
rpl-5549848,C,288.7465,C,1,1,5,1,false,true,true,true,false,EASY
rpl-5549993,G,42.0,G,15,1,5,1,false,true,true,true,false,EASY
rpl-5555299,E,42.1818,E,1,1,3,1,false,true,false,false,true,HARD
rpl-5556208,F,69.125,F,3,1,2,1,false,true,true,true,true,EASY
rpl-5556330,M,98.96,M,1,1,9,1,false,true,true,true,true,EASY
rpl-5557745,P,109.4815,P,1,1,2,1,false,true,true,true,true,EASY
rpl-5552443,P,109.4815,P,1,1,7,1,false,true,true,true,true,EASY
rpl-5559084,F,69.125,F,1,1,2,1,false,false,false,false,false,HARD
rpl-5507240,D,7.5,D,3,1,2,1,false,true,true,true,false,EASY
rpl-5555962,N,93.6087,N,1,1,5,1,false,true,true,true,true,EASY
rpl-5559387,F,69.125,F,3,1,6,1,false,true,true,true,false,EASY
rpl-5561348,F,69.125,F,1,1,2,1,false,true,false,false,true,HARD
rpl-5561576,P,109.4815,P,1,1,3,1,false,true,true,true,false,EASY
rpl-5561366,MULTI,41.7,C|E|M,5,3,4,1,false,true,true,true,true,EASY
rpl-5563063,C,288.7465,C,2,1,5,1,false,true,false,true,false,MEDIUM
rpl-5563770,C,288.7465,C,1,1,3,1,false,true,false,false,true,HARD
rpl-5564816,P,109.4815,P,2,1,3,1,false,true,true,true,false,EASY
rpl-5554758,MULTI,41.7,C|J,2,2,3,1,false,true,true,true,true,EASY
rpl-5559750,E,42.1818,E,1,1,2,1,false,true,true,true,true,EASY
rpl-5548383,M,98.96,M,1,1,5,1,false,false,false,false,false,HARD
rpl-5553808,N,93.6087,N,1,1,7,1,false,true,true,true,true,EASY
rpl-5558048,P,109.4815,P,1,1,5,1,false,true,true,true,true,EASY
rpl-5565847,L,20.25,L,1,1,5,1,false,true,true,true,false,EASY
rpl-5569336,P,109.4815,P,3,1,3,1,false,true,true,true,true,EASY
rpl-5570847,P,109.4815,P,1,1,5,1,false,true,true,true,true,EASY
rpl-5567506,S,63.875,S,1,1,4,1,false,true,true,true,false,EASY
rpl-5573198,C,288.7465,C,2,1,4,1,false,true,true,true,true,EASY
rpl-5574263,N,93.6087,N,1,1,3,1,false,true,true,true,true,EASY
rpl-5542580,J,61.1429,J,1,1,2,1,false,true,true,true,true,EASY
rpl-5539901,G,42.0,G,6,1,2,1,false,true,true,true,true,EASY
rpl-5559609,S,63.875,S,1,1,3,1,false,true,true,true,true,EASY
rpl-5576873,MULTI,41.7,C|J,2,2,2,1,false,true,true,true,true,EASY
rpl-5579596,C,288.7465,C,25,16,3,1,true,true,true,true,false,EASY
rpl-5580708,M,98.96,M,4,1,3,1,false,true,true,true,false,EASY
rpl-5581862,G,42.0,G,1,1,2,1,false,true,true,true,true,EASY
rpl-5577553,C,288.7465,C,1,1,3,1,false,true,true,true,true,EASY
rpl-5581528,C,288.7465,C,3,2,3,1,false,true,false,true,false,MEDIUM
rpl-5581811,C,288.7465,C,1,1,4,1,true,true,true,true,true,EASY
rpl-5582505,K,56.9286,K,1,1,3,1,false,true,true,true,true,EASY
rpl-5583213,D,7.5,D,1,1,2,1,false,true,false,false,true,HARD
rpl-5576677,C,288.7465,C,1,1,2,1,false,true,true,true,false,EASY
rpl-5581208,MULTI,41.7,C|J,2,2,2,1,false,true,true,true,true,EASY
rpl-5588442,J,61.1429,J,1,1,3,1,false,true,false,true,true,MEDIUM
rpl-5587031,G,42.0,G,4,1,3,1,false,true,true,true,true,EASY
rpl-5588705,M,98.96,M,2,1,4,1,false,true,false,false,false,HARD
rpl-5590733,C,288.7465,C,2,2,6,1,false,true,true,true,false,EASY
rpl-5590291,MULTI,41.7,A|C,6,6,4,1,false,true,true,true,true,EASY
rpl-5592249,Q,75.2778,Q,6,1,2,1,false,true,true,true,true,EASY
rpl-5592531,M,98.96,M,1,1,7,1,false,true,false,false,false,HARD
rpl-5594099,C,288.7465,C,23,16,8,1,true,true,true,true,true,EASY
rpl-5584024,E,42.1818,E,5,1,2,1,false,true,true,true,true,EASY
rpl-5598528,C,288.7465,C,2,2,2,1,false,true,true,true,true,EASY
rpl-5586187,C,288.7465,C,5,1,14,1,false,true,true,true,true,EASY
rpl-5598766,P,109.4815,P,1,1,4,1,false,true,true,true,false,EASY
rpl-5599963,M,98.96,M,1,1,4,1,false,true,true,true,false,EASY
rpl-5599982,P,109.4815,P,5,1,3,1,false,true,true,true,true,EASY
rpl-5600526,J,61.1429,J,2,1,5,1,false,true,true,true,false,EASY
rpl-5597573,E,42.1818,E,3,1,4,1,false,true,false,false,true,HARD
rpl-5598910,C,288.7465,C,1,1,2,1,false,true,false,false,false,HARD
rpl-5600670,P,109.4815,P,2,1,4,1,false,true,true,true,false,EASY
rpl-5601505,M,98.96,M,1,1,6,1,false,true,true,true,false,EASY
rpl-5601974,F,69.125,F,1,1,4,1,false,true,true,true,true,EASY
rpl-5544343,R,20.4,R,1,1,2,1,false,true,false,false,true,HARD
rpl-5594877,S,63.875,S,8,1,2,1,false,true,true,true,false,EASY
rpl-5603480,S,63.875,S,8,1,2,1,false,true,true,true,true,EASY
rpl-5596305,C,288.7465,C,3,2,2,1,false,true,true,true,true,EASY
rpl-5606190,M,98.96,M,4,1,2,1,false,true,true,true,true,EASY
rpl-5606893,P,109.4815,P,1,1,2,1,false,true,true,true,false,EASY
rpl-5608536,C,288.7465,C,2,2,3,1,true,true,true,true,true,EASY
rpl-5601045,P,109.4815,P,1,1,7,1,false,true,true,true,false,EASY
rpl-5612337,I,9.5,I,1,1,2,1,false,true,false,true,false,MEDIUM
rpl-5563248,K,56.9286,K,1,1,2,1,false,true,true,true,false,EASY
rpl-5558279,C,288.7465,C,1,1,3,1,false,true,false,true,false,MEDIUM
rpl-5616015,B,39.4444,B,1,1,3,1,false,true,true,true,true,EASY
rpl-5616160,C,288.7465,C,1,1,2,1,false,true,true,true,true,EASY
rpl-5616544,B,39.4444,B,1,1,2,1,false,true,true,true,true,EASY
rpl-5615810,J,61.1429,J,2,1,3,1,false,true,true,true,false,EASY
rpl-5616126,H,29.5714,H,1,1,10,1,false,true,false,true,false,MEDIUM
rpl-5616553,M,98.96,M,1,1,3,1,false,true,true,true,false,EASY
rpl-5617610,C,288.7465,C,1,1,3,1,false,true,true,true,false,EASY
rpl-5559894,P,109.4815,P,1,1,3,1,false,true,true,true,false,EASY
rpl-5591349,C,288.7465,C,1,1,4,1,false,true,true,true,false,EASY
rpl-5608237,C,288.7465,C,18,7,4,1,false,true,true,true,true,EASY
rpl-5621298,C,288.7465,C,7,4,4,1,false,true,true,true,false,EASY
rpl-5534671,P,109.4815,P,3,1,6,1,false,true,true,true,true,EASY
rpl-5624889,N,93.6087,N,1,1,2,1,false,true,true,true,true,EASY
rpl-5626010,F,69.125,F,1,1,2,1,false,true,false,true,true,MEDIUM
rpl-5626048,M,98.96,M,1,1,4,1,false,true,true,true,false,EASY
rpl-5604239,O,43.4,O,2,1,4,1,false,true,true,true,false,EASY
rpl-5627362,MULTI,41.7,M|Q,19,4,5,1,false,true,true,true,true,EASY
rpl-5627454,N,93.6087,N,1,1,5,1,false,true,true,true,true,EASY
rpl-5620611,S,63.875,S,1,1,4,1,false,true,false,true,true,MEDIUM
rpl-5621002,C,288.7465,C,4,2,3,1,false,true,true,true,true,EASY
rpl-5628056,C,288.7465,C,3,1,2,1,false,true,true,true,true,EASY
rpl-5629680,S,63.875,S,6,1,3,1,false,true,true,true,true,EASY
rpl-5631266,S,63.875,S,1,1,5,1,false,true,true,true,true,EASY
rpl-5614268,Q,75.2778,Q,28,1,8,1,false,true,true,true,false,EASY
rpl-5631307,S,63.875,S,7,1,3,1,false,true,true,true,false,EASY
rpl-5632516,O,43.4,O,2,1,6,1,false,true,true,true,false,EASY
rpl-5630655,S,63.875,S,2,1,3,1,false,true,false,true,true,MEDIUM
rpl-5631932,P,109.4815,P,3,1,3,1,false,true,false,true,true,MEDIUM
rpl-5633879,C,288.7465,C,1,1,6,1,false,true,true,true,false,EASY
rpl-5634736,C,288.7465,C,4,2,4,1,false,true,true,true,true,EASY
rpl-5595360,M,98.96,M,6,1,2,1,false,true,true,true,true,EASY
rpl-5626159,C,288.7465,C,1,1,5,1,false,true,false,true,true,MEDIUM
rpl-5627418,P,109.4815,P,1,1,7,1,false,true,true,true,false,EASY
rpl-5635740,C,288.7465,C,2,2,2,1,false,true,true,true,true,EASY
rpl-5636725,B,39.4444,B,1,1,3,1,false,true,true,true,true,EASY
rpl-5637777,S,63.875,S,3,1,2,1,false,true,true,true,true,EASY
rpl-5623673,G,42.0,G,8,1,3,1,false,true,true,true,true,EASY
rpl-5636619,C,288.7465,C,1,1,7,1,false,true,false,true,true,MEDIUM
rpl-5637233,C,288.7465,C,1,1,3,1,false,true,true,true,false,EASY
rpl-5637274,M,98.96,M,1,1,2,1,false,true,true,true,true,EASY
rpl-5638395,C,288.7465,C,4,3,6,1,true,true,true,true,true,EASY
rpl-5639297,Q,75.2778,Q,6,1,7,1,false,true,true,true,false,EASY
rpl-5615504,O,43.4,O,1,1,4,1,false,true,true,true,true,EASY
rpl-5640164,C,288.7465,C,4,4,4,1,true,true,true,true,true,EASY
rpl-5641057,F,69.125,F,3,1,2,1,false,true,true,true,true,EASY
rpl-5641400,N,93.6087,N,1,1,4,1,false,true,true,true,true,EASY
rpl-5635626,C,288.7465,C,1,1,2,1,false,true,true,true,false,EASY
rpl-5639606,M,98.96,M,1,1,10,1,false,true,true,true,true,EASY
rpl-5644983,O,43.4,O,1,1,3,1,false,true,true,true,true,EASY
rpl-5642401,O,43.4,O,2,1,8,1,false,true,true,true,true,EASY
rpl-5646307,C,288.7465,C,1,1,2,1,false,true,true,true,true,EASY
rpl-5648049,O,43.4,O,1,1,3,1,false,true,true,true,true,EASY
rpl-5648362,N,93.6087,N,1,1,9,1,false,true,true,true,false,EASY
rpl-5648590,C,288.7465,C,1,1,5,1,false,true,true,true,false,EASY
rpl-5639824,K,56.9286,K,1,1,2,1,false,true,true,true,true,EASY
rpl-5649818,L,20.25,L,1,1,3,1,false,true,true,true,true,EASY
rpl-5651371,C,288.7465,C,2,1,4,1,false,true,true,true,true,EASY
rpl-5637519,Q,75.2778,Q,21,1,8,1,false,true,true,true,false,EASY
rpl-5652935,R,20.4,R,1,1,2,1,false,true,true,true,true,EASY
rpl-5633525,R,20.4,R,1,1,2,1,false,true,false,false,false,HARD
rpl-5644577,MULTI,41.7,C|E,3,3,2,1,false,true,true,true,true,EASY
rpl-5649155,F,69.125,F,1,1,2,1,false,true,true,true,true,EASY
rpl-5654542,J,61.1429,J,1,1,2,1,false,true,true,true,false,EASY
rpl-5649305,O,43.4,O,1,1,3,1,false,true,true,true,true,EASY
rpl-5655168,P,109.4815,P,2,1,4,1,false,true,true,true,true,EASY
rpl-5657767,E,42.1818,E,1,1,3,1,false,true,true,true,false,EASY
rpl-5657798,C,288.7465,C,1,1,2,1,false,true,false,true,true,MEDIUM
rpl-5658904,M,98.96,M,1,1,4,1,false,true,true,true,true,EASY
rpl-5659273,K,56.9286,K,1,1,2,1,false,true,true,true,false,EASY
rpl-5653462,C,288.7465,C,35,1,5,1,true,true,true,true,true,EASY
rpl-5658683,E,42.1818,E,1,1,6,1,false,true,true,true,true,EASY
rpl-5659825,P,109.4815,P,4,1,8,1,false,true,true,true,false,EASY
rpl-5660588,F,69.125,F,1,1,3,1,false,true,false,false,false,HARD
rpl-5661311,M,98.96,M,1,1,2,1,false,true,true,true,true,EASY
rpl-5647512,C,288.7465,C,36,1,2,1,false,true,true,true,false,EASY
rpl-5650270,K,56.9286,K,1,1,3,1,false,true,true,true,true,EASY
rpl-5662522,C,288.7465,C,1,1,5,1,false,true,true,true,false,EASY
rpl-5657010,J,61.1429,J,6,1,2,1,false,true,true,true,true,EASY
rpl-5665109,P,109.4815,P,1,1,3,1,false,true,true,true,false,EASY
rpl-5666288,Q,75.2778,Q,1,1,7,1,false,true,true,true,false,EASY
rpl-5646125,C,288.7465,C,10,8,5,1,true,true,true,true,true,EASY
rpl-5668942,Q,75.2778,Q,24,1,8,1,false,true,true,true,false,EASY
rpl-5661486,C,288.7465,C,2,2,4,1,false,true,true,true,true,EASY
rpl-5670287,O,43.4,O,2,1,3,1,false,true,true,true,false,EASY
rpl-5670856,B,39.4444,B,1,1,3,1,false,true,true,true,true,EASY
rpl-5671036,C,288.7465,C,1,1,4,1,false,true,false,true,true,MEDIUM
rpl-5673642,C,288.7465,C,3,1,3,1,false,true,true,true,true,EASY
rpl-5674761,C,288.7465,C,2,1,9,1,false,true,true,true,true,EASY
rpl-5669188,M,98.96,M,1,1,3,1,false,true,true,true,true,EASY
rpl-5675995,M,98.96,M,1,1,6,1,false,true,true,true,false,EASY
rpl-5677448,H,29.5714,H,2,2,2,1,false,true,false,true,false,MEDIUM
rpl-5677806,J,61.1429,J,1,1,2,1,false,true,false,false,false,HARD
rpl-5677971,C,288.7465,C,1,1,4,1,true,true,true,true,false,EASY
rpl-5679163,C,288.7465,C,1,1,2,1,true,true,false,false,false,HARD
rpl-5679531,H,29.5714,H,1,1,2,1,false,true,true,true,false,EASY
rpl-5661344,MULTI,41.7,C|J,3,2,4,1,false,true,true,true,true,EASY
rpl-5678769,N,93.6087,N,1,1,6,1,false,true,true,true,true,EASY
rpl-5680055,J,61.1429,J,1,1,2,1,false,true,false,true,false,MEDIUM
rpl-5681955,P,109.4815,P,1,1,3,1,false,true,true,true,true,EASY
rpl-5682274,C,288.7465,C,1,1,12,1,false,true,true,true,false,EASY
rpl-5683312,P,109.4815,P,3,1,3,1,false,true,true,true,true,EASY
rpl-5684176,C,288.7465,C,47,1,3,1,false,true,true,true,true,EASY
rpl-5686187,S,63.875,S,1,1,3,1,false,true,false,true,true,MEDIUM
rpl-5687118,C,288.7465,C,1,1,3,1,false,true,true,true,true,EASY
rpl-5683620,R,20.4,R,1,1,2,1,false,true,true,true,true,EASY
rpl-5673582,C,288.7465,C,1,1,2,1,false,true,true,true,false,EASY
rpl-5692134,Q,75.2778,Q,1,1,4,1,false,true,true,true,false,EASY
rpl-5688050,E,42.1818,E,1,1,3,1,false,true,false,false,false,HARD
rpl-5692850,C,288.7465,C,5,1,4,1,false,true,true,true,false,EASY
rpl-5696325,F,69.125,F,1,1,3,1,false,true,true,true,true,EASY
rpl-5699753,C,288.7465,C,1,1,2,1,false,true,true,true,true,EASY
rpl-5701460,A,18.0,A,2,1,3,1,false,false,false,false,false,HARD
rpl-5705032,B,39.4444,B,1,1,3,1,false,true,true,true,true,EASY
rpl-5705476,N,93.6087,N,1,1,8,1,false,true,true,true,true,EASY
rpl-5705768,C,288.7465,C,1,1,4,1,false,true,true,true,false,EASY
rpl-5707034,J,61.1429,J,1,1,6,1,false,true,true,true,true,EASY
rpl-5709082,C,288.7465,C,1,1,2,1,false,true,true,true,false,EASY
rpl-5682219,C,288.7465,C,1,1,2,1,false,true,true,true,true,EASY
rpl-5702353,C,288.7465,C,51,17,2,1,true,true,true,true,true,EASY
rpl-5710121,K,56.9286,K,1,1,3,1,false,true,true,true,true,EASY
rpl-5711156,C,288.7465,C,1,1,2,1,false,true,true,true,true,EASY
rpl-5712955,J,61.1429,J,1,1,2,1,false,true,true,true,true,EASY
rpl-5704646,C,288.7465,C,1,1,4,1,false,true,true,true,false,EASY
rpl-5704834,E,42.1818,E,1,1,3,1,false,true,true,true,true,EASY
rpl-5714306,C,288.7465,C,1,1,6,1,false,true,true,true,true,EASY
rpl-5705929,S,63.875,S,1,1,4,1,false,true,true,true,false,EASY
rpl-5712129,N,93.6087,N,1,1,4,1,false,true,false,false,false,HARD
rpl-5716706,C,288.7465,C,1,1,2,1,true,true,true,true,true,EASY
rpl-5716896,H,29.5714,H,1,1,2,1,false,true,true,true,true,EASY
rpl-5719234,F,69.125,F,1,1,2,1,false,true,true,true,true,EASY
rpl-5718621,P,109.4815,P,2,1,3,1,false,true,true,true,true,EASY
rpl-5720744,B,39.4444,B,1,1,4,1,false,true,true,true,false,EASY
rpl-5721507,M,98.96,M,1,1,4,1,false,true,true,true,false,EASY
rpl-5722303,N,93.6087,N,3,1,4,1,false,true,true,true,true,EASY
rpl-5722951,G,42.0,G,1,1,2,1,false,true,true,true,true,EASY
rpl-5723096,P,109.4815,P,1,1,3,1,false,true,true,true,true,EASY
rpl-5719788,S,63.875,S,1,1,4,1,false,true,true,true,true,EASY
rpl-5726517,N,93.6087,N,1,1,2,1,false,true,true,true,false,EASY
rpl-5719362,E,42.1818,E,2,1,5,1,false,true,true,true,false,EASY
rpl-5729044,B,39.4444,B,1,1,3,1,false,true,true,true,true,EASY
rpl-5730203,Q,75.2778,Q,3,1,4,1,false,true,true,true,true,EASY
rpl-5686581,G,42.0,G,1,1,3,1,true,true,false,true,true,MEDIUM
rpl-5725576,N,93.6087,N,1,1,2,1,false,true,false,true,false,MEDIUM
rpl-5731761,P,109.4815,P,1,1,2,1,false,true,true,true,true,EASY
rpl-5734148,Q,75.2778,Q,1,1,8,1,false,true,true,true,false,EASY
rpl-5735902,R,20.4,R,1,1,2,1,false,true,true,true,true,EASY
rpl-5731049,J,61.1429,J,1,1,2,1,false,true,true,true,false,EASY
rpl-5733607,N,93.6087,N,1,1,2,1,false,true,false,false,false,HARD
rpl-5734969,M,98.96,M,1,1,2,1,false,true,true,true,true,EASY
rpl-5737034,K,56.9286,K,1,1,3,1,false,true,true,true,true,EASY
rpl-5737610,K,56.9286,K,1,1,4,1,false,true,true,true,true,EASY
rpl-5737674,K,56.9286,K,1,1,3,1,false,true,true,true,true,EASY
rpl-5738844,K,56.9286,K,1,1,3,1,false,true,true,true,true,EASY
rpl-5739355,U,5.0,U,1,1,3,1,false,true,false,false,false,HARD
rpl-5738184,Q,75.2778,Q,1,1,2,1,false,true,true,true,true,EASY
rpl-5739261,A,18.0,A,2,1,4,1,false,true,true,true,false,EASY
rpl-5731481,C,288.7465,C,30,5,6,1,false,true,true,true,true,EASY
rpl-5737814,K,56.9286,K,3,1,2,1,false,true,true,true,true,EASY
rpl-5741098,M,98.96,M,3,1,7,1,false,true,true,true,false,EASY
rpl-5742114,A,18.0,A,1,1,2,1,false,true,true,true,true,EASY
rpl-5743395,F,69.125,F,1,1,5,1,false,true,false,false,true,HARD
rpl-5737759,C,288.7465,C,5,1,2,1,true,true,false,false,false,HARD
rpl-5738301,S,63.875,S,2,1,3,1,false,true,true,true,true,EASY
rpl-5739474,C,288.7465,C,29,1,4,1,false,true,true,true,true,EASY
rpl-5746047,MULTI,41.7,A|C,6,6,2,1,false,true,true,true,true,EASY
rpl-5746153,C,288.7465,C,2,1,2,1,false,true,true,true,true,EASY
rpl-5746406,O,43.4,O,1,1,2,1,false,true,true,true,false,EASY
rpl-5728534,H,29.5714,H,5,1,3,1,false,true,true,true,false,EASY
rpl-5747338,O,43.4,O,3,1,3,1,false,true,true,true,false,EASY
rpl-5750694,L,20.25,L,1,1,4,1,false,true,true,true,false,EASY
rpl-5749559,M,98.96,M,4,1,5,1,false,true,true,true,true,EASY
rpl-5749585,F,69.125,F,1,1,2,1,false,true,true,true,true,EASY
rpl-5751632,E,42.1818,E,1,1,3,1,false,true,true,true,true,EASY
rpl-5753128,P,109.4815,P,1,1,2,1,false,true,true,true,true,EASY
rpl-5754097,N,93.6087,N,1,1,2,1,false,true,true,true,true,EASY
rpl-5754626,F,69.125,F,1,1,4,1,false,true,true,true,true,EASY
rpl-5757200,L,20.25,L,1,1,4,1,false,true,true,true,false,EASY
rpl-5757265,G,42.0,G,2,1,2,1,false,true,true,true,true,EASY
rpl-5757072,S,69.5,S,8,1,7,1,false,true,true,true,true,EASY
rpl-5754461,Q,77.75,Q,1,1,4,1,false,true,true,true,true,EASY
rpl-5757354,K,48.0,K,1,1,3,1,false,true,true,true,true,EASY
rpl-5767213,C,351.8514,C,1,1,4,1,false,true,true,true,false,EASY
rpl-5768050,F,99.7727,F,4,1,2,1,false,true,true,true,false,EASY
rpl-5768485,N,128.1429,N,35,1,3,1,false,true,true,true,true,EASY
rpl-5768959,N,128.1429,N,1,1,3,1,false,true,true,true,true,EASY
rpl-5768316,N,128.1429,N,14,1,3,1,false,true,true,true,true,EASY
rpl-5771198,C,351.8514,C,2,1,2,1,false,true,true,true,false,EASY
rpl-5772673,E,73.8,E,1,1,4,1,false,true,true,true,true,EASY
rpl-5773176,J,78.1176,J,3,1,2,1,false,true,true,true,false,EASY
rpl-5763533,MULTI,58.5385,C|J,2,2,3,1,false,true,true,true,true,EASY
rpl-5759913,G,39.7778,G,1,1,2,1,false,true,true,true,false,EASY
rpl-5765203,C,351.8514,C,1,1,4,1,false,true,true,true,false,EASY
rpl-5768677,J,78.1176,J,493,1,2,1,false,true,false,true,false,MEDIUM
rpl-5777177,O,33.375,O,1,1,2,1,false,true,false,false,true,HARD
rpl-5778506,N,128.1429,N,22,1,2,1,false,true,true,true,true,EASY
rpl-5778307,K,48.0,K,1,1,3,1,false,true,true,true,true,EASY
rpl-5779437,F,99.7727,F,1,1,2,1,false,true,true,true,true,EASY
rpl-5771663,C,351.8514,C,1,1,5,1,false,true,true,true,true,EASY
rpl-5773066,C,351.8514,C,1,1,5,1,false,true,true,true,false,EASY
rpl-5778182,M,98.7273,M,2,1,3,1,false,true,true,true,true,EASY
rpl-5778525,G,39.7778,G,2,1,2,1,false,true,true,true,true,EASY
rpl-5780601,S,69.5,S,1,1,2,1,false,true,false,false,true,HARD
rpl-5780798,C,351.8514,C,1,1,6,1,false,true,false,true,false,MEDIUM
rpl-5781919,P,95.45,P,1,1,2,1,false,true,true,true,false,EASY
rpl-5776309,C,351.8514,C,1,1,2,1,false,true,true,true,true,EASY
rpl-5781214,D,10.0,D,1,1,2,1,false,true,true,true,true,EASY
rpl-5784398,H,30.5,H,2,2,3,1,false,true,true,true,false,EASY
rpl-5782178,J,78.1176,J,24,1,2,1,false,true,true,true,false,EASY
rpl-5752394,C,351.8514,C,7,3,2,1,true,true,true,true,false,EASY
rpl-5780922,M,98.7273,M,1,1,4,1,false,true,true,true,false,EASY
rpl-5786484,F,99.7727,F,1,1,4,1,false,true,true,true,true,EASY
rpl-5785470,C,351.8514,C,1,1,5,1,false,true,true,true,true,EASY
rpl-5787638,C,351.8514,C,1,1,3,1,false,true,true,true,true,EASY
rpl-5787770,C,351.8514,C,1,1,9,1,false,true,true,true,true,EASY
rpl-5788325,MULTI,58.5385,C|J,12,3,2,1,false,true,true,true,true,EASY
rpl-5789582,C,351.8514,C,2,2,8,1,false,true,true,true,true,EASY
rpl-5785211,C,351.8514,C,6,5,2,1,true,true,true,true,true,EASY
rpl-5790698,P,95.45,P,3,1,3,1,false,true,true,true,false,EASY
rpl-5793748,P,95.45,P,1,1,3,1,false,true,true,true,true,EASY
rpl-5794714,P,95.45,P,1,1,2,1,false,true,true,true,true,EASY
rpl-5792083,C,351.8514,C,1,1,2,1,false,true,true,true,false,EASY
rpl-5796442,C,351.8514,C,1,1,2,1,false,true,true,true,false,EASY
rpl-5797443,Q,77.75,Q,3,1,5,1,false,true,true,true,true,EASY
rpl-5782971,MULTI,58.5385,C|J,21,8,4,1,true,true,true,true,true,EASY
rpl-5784534,C,351.8514,C,1,1,4,1,false,true,false,true,true,MEDIUM
rpl-5801857,M,98.7273,M,46,1,3,1,false,true,true,true,true,EASY
rpl-5803248,N,128.1429,N,1,1,5,1,false,true,true,true,true,EASY
rpl-5803418,N,128.1429,N,1,1,5,1,false,true,true,true,true,EASY
rpl-5801863,C,351.8514,C,1,1,8,1,false,true,false,true,false,MEDIUM
rpl-5803747,L,12.0,L,1,1,3,1,false,true,true,true,false,EASY
rpl-5806019,N,128.1429,N,3,1,2,1,false,true,true,true,true,EASY
rpl-5806845,O,33.375,O,2,1,3,1,false,true,false,false,true,HARD
rpl-5807519,N,128.1429,N,1,1,5,1,false,true,true,true,true,EASY
rpl-5807555,C,351.8514,C,3,1,8,1,false,true,true,true,true,EASY
rpl-5734786,Q,77.75,Q,3,1,4,1,false,true,true,true,true,EASY
rpl-5781867,MULTI,58.5385,B|C,28,20,2,1,false,true,true,true,true,EASY
rpl-5808198,N,128.1429,N,2,1,2,1,false,true,true,true,true,EASY
rpl-5810234,H,30.5,H,1,1,2,1,false,true,true,true,false,EASY
rpl-5811284,P,95.45,P,4,1,5,1,false,true,true,true,false,EASY
rpl-5797230,E,73.8,E,2,1,4,1,false,true,true,true,true,EASY
rpl-5797435,E,73.8,E,2,1,3,1,false,true,true,true,true,EASY
rpl-5797528,E,73.8,E,2,1,4,1,false,true,true,true,true,EASY
rpl-5810367,B,36.125,B,1,1,3,1,false,true,true,true,false,EASY
rpl-5815399,P,95.45,P,1,1,5,1,false,true,true,true,false,EASY
rpl-5812894,Q,77.75,Q,3,1,2,1,false,true,true,true,false,EASY
rpl-5817374,A,19.75,A,2,2,2,1,false,true,true,true,false,EASY
rpl-5763658,N,128.1429,N,1,1,2,1,false,true,true,true,true,EASY
rpl-5818767,N,128.1429,N,1,1,2,1,false,true,true,true,true,EASY
rpl-5814879,E,73.8,E,1,1,6,1,false,false,false,false,false,HARD
rpl-5814892,E,73.8,E,1,1,2,1,false,false,false,false,false,HARD
rpl-5815148,B,36.125,B,1,1,3,1,false,true,true,true,true,EASY
rpl-5819882,P,95.45,P,1,1,11,1,false,true,true,true,true,EASY
rpl-5823639,N,128.1429,N,1,1,5,1,false,true,true,true,true,EASY
rpl-5825024,C,351.8514,C,1,1,7,1,false,true,false,false,false,HARD
rpl-5825350,C,351.8514,C,1,1,3,1,true,true,true,true,true,EASY
rpl-5824447,M,98.7273,M,1,1,4,1,false,true,true,true,false,EASY
rpl-5826557,U,3.0,U,1,1,2,1,false,true,true,true,true,EASY
rpl-5827690,C,351.8514,C,5,1,3,1,false,true,true,true,false,EASY
rpl-5830862,K,48.0,K,1,1,3,1,false,true,true,true,true,EASY
rpl-5830980,C,351.8514,C,10,9,3,1,true,true,true,true,true,EASY
rpl-5833477,P,95.45,P,1,1,4,1,false,true,true,true,true,EASY
rpl-5835307,P,95.45,P,4,1,6,1,false,true,true,true,true,EASY
rpl-5830357,F,99.7727,F,2,1,5,1,false,true,true,true,false,EASY
rpl-5831560,F,99.7727,F,2,1,3,1,false,true,true,true,true,EASY
rpl-5831825,F,99.7727,F,2,1,3,1,false,true,true,true,false,EASY
rpl-5836671,MULTI,58.5385,F|M,7,2,4,1,false,true,true,true,false,EASY
rpl-5836732,MULTI,58.5385,F|M,7,2,2,1,false,true,true,true,false,EASY
rpl-5836863,MULTI,58.5385,F|M,7,2,3,1,false,true,true,true,false,EASY
rpl-5836867,MULTI,58.5385,F|M,7,2,2,1,false,true,true,true,false,EASY
rpl-5827329,K,48.0,K,2,1,2,1,false,true,true,true,true,EASY
rpl-5831029,C,351.8514,C,1,1,4,1,false,true,false,true,false,MEDIUM
rpl-5840203,C,351.8514,C,5,1,2,1,false,true,true,true,true,EASY
rpl-5842949,K,48.0,K,1,1,3,1,false,true,true,true,true,EASY
rpl-5844286,M,98.7273,M,1,1,3,1,false,true,true,true,false,EASY
rpl-5839291,J,78.1176,J,2,1,3,1,false,true,false,false,false,HARD
rpl-5846058,C,351.8514,C,1,1,4,1,false,true,false,true,true,MEDIUM
rpl-5854265,J,78.1176,J,1,1,4,1,false,true,true,true,false,EASY
rpl-5854776,L,12.0,L,1,1,2,1,false,true,true,true,false,EASY
rpl-5843756,C,351.8514,C,20,15,3,1,true,true,true,true,true,EASY
rpl-5855491,K,48.0,K,1,1,2,1,false,true,true,true,true,EASY
rpl-5843137,C,351.8514,C,1,1,3,1,false,true,true,true,true,EASY
rpl-5849126,C,351.8514,C,1,1,10,1,false,true,true,true,true,EASY
rpl-5857664,P,95.45,P,2,1,3,1,false,true,true,true,false,EASY
rpl-5857893,M,98.7273,M,1,1,3,1,false,true,true,true,false,EASY
rpl-5858499,C,351.8514,C,1,1,6,1,false,true,true,true,true,EASY
rpl-5849417,B,36.125,B,1,1,4,1,false,true,true,true,false,EASY
rpl-5854249,P,95.45,P,10,1,7,1,false,true,true,true,false,EASY
rpl-5860547,P,95.45,P,3,1,6,1,false,true,false,false,false,HARD
rpl-5862680,S,69.5,S,1,1,2,1,false,true,true,true,true,EASY
rpl-5854875,E,73.8,E,1,1,4,1,false,true,true,true,false,EASY
rpl-5862077,E,73.8,E,1,1,5,1,false,true,true,true,false,EASY
rpl-5865465,C,351.8514,C,1,1,10,1,false,true,true,true,true,EASY
rpl-5865563,S,69.5,S,1,1,2,1,false,true,true,true,true,EASY
rpl-5866013,C,351.8514,C,2,1,3,1,false,true,true,true,false,EASY
rpl-5866072,K,48.0,K,1,1,2,1,false,true,true,true,false,EASY
rpl-5865208,L,12.0,L,11,1,2,1,false,true,true,true,false,EASY
rpl-5867504,M,98.7273,M,1,1,2,1,false,true,false,true,false,MEDIUM
rpl-5856262,F,99.7727,F,1,1,2,1,false,true,false,true,true,MEDIUM
rpl-5872686,B,36.125,B,1,1,6,1,false,true,true,true,true,EASY
rpl-5872809,N,128.1429,N,1,1,2,1,false,true,true,true,true,EASY
rpl-5873153,C,351.8514,C,3,2,6,1,false,true,true,true,false,EASY
rpl-5874700,C,351.8514,C,2,1,2,1,false,true,true,true,true,EASY
rpl-5838327,MULTI,58.5385,F|M,8,2,2,1,false,true,true,true,false,EASY
rpl-5872930,S,69.5,S,1,1,3,1,false,true,false,false,false,HARD
rpl-5874139,R,23.25,R,1,1,2,1,false,true,true,true,true,EASY
rpl-5876533,H,30.5,H,1,1,4,1,false,true,true,true,true,EASY
rpl-5876865,M,98.7273,M,1,1,3,1,false,true,true,true,true,EASY
rpl-5862270,C,351.8514,C,1,1,6,1,false,true,true,true,true,EASY
rpl-5880417,P,95.45,P,1,1,4,1,false,true,true,true,true,EASY
rpl-5880684,G,39.7778,G,17,1,5,1,true,true,true,true,true,EASY
rpl-5881412,J,78.1176,J,1,1,5,1,false,true,true,true,false,EASY
rpl-5871584,N,128.1429,N,3,1,4,1,false,true,true,true,true,EASY
rpl-5878106,O,33.375,O,1,1,2,1,false,true,true,true,false,EASY
rpl-5882784,M,98.7273,M,7,1,4,1,false,true,true,true,false,EASY
rpl-5886087,Q,77.75,Q,1,1,2,1,false,true,true,true,true,EASY
rpl-5887814,J,78.1176,J,3,1,4,1,false,true,true,true,true,EASY
rpl-5868615,O,33.375,O,1,1,3,1,false,true,true,true,true,EASY
rpl-5889335,F,99.7727,F,1,1,4,1,false,true,true,true,false,EASY
rpl-5889564,C,351.8514,C,1,1,5,1,false,true,false,false,true,HARD
rpl-5892211,M,98.7273,M,1,1,2,1,false,true,true,true,false,EASY
rpl-5875261,N,128.1429,N,6,1,2,1,false,true,true,true,true,EASY
rpl-5892593,C,351.8514,C,9,6,2,1,true,true,true,true,true,EASY
rpl-5890111,I,22.25,I,1,1,2,1,false,true,true,true,true,EASY
rpl-5892388,M,98.7273,M,5,1,3,1,false,true,true,true,true,EASY
rpl-5892520,C,351.8514,C,4,2,2,1,false,true,true,true,true,EASY
rpl-5862690,Q,77.75,Q,8,1,5,1,false,true,true,true,true,EASY
rpl-5887713,C,351.8514,C,5,2,2,1,false,true,false,true,true,MEDIUM
rpl-5897896,C,351.8514,C,6,5,2,1,false,true,false,true,false,MEDIUM
rpl-5898106,N,128.1429,N,2,1,2,1,false,true,true,true,false,EASY
rpl-5898208,N,128.1429,N,1,1,2,1,false,true,true,true,true,EASY
rpl-5896298,MULTI,58.5385,C|J,2,2,3,1,false,true,true,true,true,EASY
rpl-5885720,B,36.125,B,1,1,3,1,false,true,true,true,false,EASY
rpl-5887017,F,99.7727,F,1,1,3,1,false,true,true,true,true,EASY
rpl-5902662,G,39.7778,G,11,1,4,1,false,true,true,true,false,EASY
rpl-5903505,P,95.45,P,1,1,4,1,false,true,true,true,true,EASY
rpl-5903511,C,351.8514,C,12,1,2,1,false,true,true,true,true,EASY
rpl-5911702,J,78.1176,J,1,1,2,1,false,true,true,true,true,EASY
rpl-5913175,M,98.7273,M,1,1,4,1,false,true,false,true,false,MEDIUM
rpl-5915510,A,19.75,A,1,1,4,1,false,true,false,false,false,HARD
rpl-5919116,MULTI,58.5385,E|M,2,2,4,1,false,true,true,true,false,EASY
rpl-5920454,Q,77.75,Q,1,1,5,1,false,true,true,true,true,EASY
rpl-5922270,A,19.75,A,1,1,3,1,false,false,false,false,false,HARD
rpl-5920336,G,39.7778,G,19,1,2,1,false,true,true,true,true,EASY
rpl-5927365,C,351.8514,C,1,1,8,1,false,true,true,true,true,EASY
rpl-5928710,N,128.1429,N,3,1,5,1,false,true,true,true,true,EASY
rpl-5929788,C,351.8514,C,1,1,3,1,false,true,true,true,false,EASY
rpl-5885143,S,69.5,S,1,1,4,1,false,true,true,true,true,EASY
rpl-5930484,C,351.8514,C,6,4,2,1,true,true,true,true,false,EASY
rpl-5931294,C,351.8514,C,1,1,3,1,false,true,true,true,true,EASY
rpl-5933491,G,39.7778,G,1,1,2,1,true,true,true,true,false,EASY
rpl-5933250,J,78.1176,J,1,1,3,1,false,true,true,true,false,EASY
rpl-5934376,O,33.375,O,2,1,2,1,false,true,true,true,false,EASY
rpl-5870150,E,73.8,E,1,1,3,1,false,true,true,true,true,EASY
rpl-5937486,C,351.8514,C,10,1,4,1,false,true,true,true,false,EASY
rpl-5938393,M,98.7273,M,1,1,5,1,false,true,true,true,false,EASY
rpl-5939417,D,10.0,D,11,1,7,1,false,true,true,true,true,EASY
rpl-5940722,C,351.8514,C,1,1,7,1,false,true,true,true,true,EASY
rpl-5909228,C,351.8514,C,11,10,2,1,false,true,false,true,true,MEDIUM
rpl-5944794,MULTI,58.5385,A|C,15,15,4,1,false,true,true,true,true,EASY
rpl-5946551,C,351.8514,C,1,1,5,1,false,true,true,true,false,EASY
rpl-5947121,Q,77.75,Q,1,1,3,1,false,true,true,true,true,EASY
rpl-5948300,C,351.8514,C,1,1,2,1,false,true,true,true,false,EASY
rpl-5948500,C,351.8514,C,1,1,2,1,false,true,true,true,true,EASY
rpl-5939130,E,73.8,E,2,1,4,1,false,true,true,true,false,EASY
rpl-5952856,F,99.7727,F,1,1,3,1,false,true,false,false,false,HARD
rpl-5953671,F,99.7727,F,1,1,2,1,false,true,true,true,true,EASY
rpl-5954168,P,95.45,P,8,1,4,1,false,true,true,true,true,EASY
rpl-5956456,P,95.45,P,2,1,7,1,false,true,true,true,true,EASY
rpl-5958118,I,22.25,I,1,1,2,1,false,true,true,true,true,EASY
rpl-5958233,N,128.1429,N,1,1,4,1,false,true,true,true,false,EASY
rpl-5953192,J,78.1176,J,1,1,2,1,false,true,false,false,true,HARD
rpl-5957771,C,351.8514,C,1,1,5,1,false,true,true,true,true,EASY
rpl-5958539,C,351.8514,C,1,1,9,1,false,true,true,true,false,EASY
rpl-5959933,F,99.7727,F,8,1,4,1,false,true,true,true,true,EASY
rpl-5962592,N,128.1429,N,1,1,3,1,false,true,true,true,true,EASY
rpl-5963418,F,99.7727,F,2,1,6,1,false,true,true,true,true,EASY
rpl-5952743,S,69.5,S,3,2,4,1,false,true,true,true,true,EASY
rpl-5964118,K,48.0,K,1,1,2,1,false,true,true,true,true,EASY
rpl-5965900,F,99.7727,F,1,1,2,1,false,true,false,true,false,MEDIUM
rpl-5966826,O,33.375,O,1,1,2,1,false,true,true,true,false,EASY
rpl-5966910,C,351.8514,C,1,1,3,1,true,true,true,true,true,EASY
rpl-5969385,S,69.5,S,1,1,2,1,false,true,true,true,true,EASY
rpl-5965801,P,95.45,P,1,1,3,1,false,true,true,true,false,EASY
rpl-5969734,C,351.8514,C,1,1,5,1,true,true,true,true,true,EASY
rpl-5970631,R,23.25,R,5,1,2,1,false,true,true,true,false,EASY
rpl-5971279,C,351.8514,C,1,1,3,1,true,true,true,true,false,EASY
rpl-5972084,J,78.1176,J,1,1,4,1,false,true,true,true,true,EASY
rpl-5972308,F,99.7727,F,1,1,2,1,false,true,true,true,true,EASY
rpl-5947069,N,128.1429,N,2,1,6,1,false,true,true,true,true,EASY
rpl-5953389,C,351.8514,C,2,1,2,1,false,true,true,true,true,EASY
rpl-5974261,C,351.8514,C,4,1,6,1,false,true,true,true,true,EASY
rpl-5975835,H,30.5,H,5,1,2,1,false,true,true,true,true,EASY
rpl-5946440,K,48.0,K,1,1,3,1,false,true,true,true,true,EASY
rpl-5954545,B,36.125,B,1,1,3,1,false,true,true,true,false,EASY
rpl-5980004,S,69.5,S,3,1,3,1,false,true,true,true,false,EASY
rpl-5971617,C,351.8514,C,38,17,2,1,true,true,true,true,true,EASY
rpl-5979263,P,95.45,P,1,1,8,1,false,true,true,true,true,EASY
rpl-5960323,B,36.125,B,1,1,2,1,false,true,true,true,false,EASY
rpl-5982418,Q,77.75,Q,3,1,3,1,false,true,true,true,true,EASY
rpl-5986331,F,99.7727,F,4,1,3,1,false,true,true,true,true,EASY
rpl-5986765,M,98.7273,M,1,1,2,1,false,true,true,true,false,EASY
rpl-5991472,M,98.7273,M,1,1,6,1,false,true,true,true,true,EASY
rpl-5993392,C,351.8514,C,1,1,2,1,false,true,true,true,true,EASY
rpl-5993480,Q,77.75,Q,1,1,3,1,false,true,true,true,true,EASY
rpl-5989541,C,351.8514,C,2,1,3,1,false,true,true,true,true,EASY
rpl-5992402,R,23.25,R,1,1,2,1,false,true,false,true,true,MEDIUM
rpl-5993057,E,73.8,E,4,1,3,1,false,true,true,true,false,EASY
rpl-5908794,R,23.25,R,1,1,2,1,false,false,false,false,false,HARD
rpl-5970701,N,128.1429,N,2,1,6,1,false,true,true,true,true,EASY
rpl-5995199,M,98.7273,M,17,1,5,1,false,true,true,true,true,EASY
rpl-5997928,C,351.8514,C,14,8,3,1,true,true,true,true,false,EASY
rpl-5998328,E,73.8,E,1,1,3,1,false,true,true,true,true,EASY
rpl-5974440,C,351.8514,C,1,1,3,1,false,true,true,true,true,EASY
rpl-5980209,C,351.8514,C,14,5,2,1,true,true,true,true,true,EASY
rpl-5985369,J,78.1176,J,1,1,3,1,false,true,true,true,true,EASY
rpl-6001513,S,69.5,S,1,1,3,1,false,true,true,true,true,EASY
rpl-5999797,M,98.7273,M,1,1,2,1,false,false,false,false,false,HARD
rpl-6005243,S,69.5,S,1,1,4,1,false,true,true,true,true,EASY
rpl-6006188,I,22.25,I,2,1,2,1,false,true,true,true,false,EASY
rpl-6007897,S,69.5,S,33,1,3,1,false,true,true,true,false,EASY
rpl-6008295,C,351.8514,C,2,2,2,1,false,true,true,true,true,EASY
rpl-6000764,MULTI,58.5385,A|C,12,12,2,1,false,true,true,true,false,EASY
rpl-6009585,F,99.7727,F,1,1,2,1,false,true,true,true,false,EASY
rpl-6008187,A,19.75,A,2,1,2,1,false,true,true,true,true,EASY
rpl-6016717,C,351.8514,C,2,1,6,1,false,true,true,true,true,EASY
rpl-6018197,C,351.8514,C,1,1,9,1,false,true,true,true,true,EASY
rpl-6018522,E,73.8,E,6,1,4,1,false,true,true,true,true,EASY
rpl-6019329,G,39.7778,G,12,1,3,1,false,true,false,true,true,MEDIUM
rpl-6015533,C,351.8514,C,1,1,2,1,false,true,true,true,true,EASY
rpl-6019897,F,99.7727,F,1,1,2,1,false,true,true,true,false,EASY
rpl-6022137,N,128.1429,N,1,1,5,1,false,true,true,true,true,EASY
rpl-5993431,F,99.7727,F,1,1,2,1,false,true,true,true,true,EASY
rpl-5999248,M,98.7273,M,10,1,4,1,false,true,true,true,false,EASY
rpl-6017995,N,128.1429,N,3,1,2,1,false,true,true,true,false,EASY
rpl-6023015,N,128.1429,N,3,1,5,1,false,true,true,true,true,EASY
rpl-6023761,N,128.1429,N,1,1,5,1,false,true,true,true,true,EASY
rpl-6024508,P,95.45,P,7,1,7,1,false,true,true,true,true,EASY
rpl-6025296,Q,77.75,Q,3,1,7,1,false,true,true,true,true,EASY
rpl-6025815,M,98.7273,M,1,1,2,1,false,true,true,true,true,EASY
rpl-6017821,C,351.8514,C,1,1,5,1,false,true,true,true,true,EASY
rpl-6018185,C,351.8514,C,1,1,2,1,false,true,true,true,true,EASY
rpl-6029983,B,36.125,B,3,2,3,1,false,true,true,true,true,EASY
rpl-6020015,C,351.8514,C,9,2,2,1,false,true,true,true,true,EASY
rpl-6030147,G,39.7778,G,2,1,5,1,false,true,true,true,true,EASY
rpl-6031877,Q,77.75,Q,1,1,2,1,false,true,true,true,true,EASY
rpl-6032277,Q,77.75,Q,1,1,3,1,false,true,true,true,true,EASY
rpl-6031445,F,99.7727,F,6,1,4,1,false,true,true,true,true,EASY
rpl-6034605,J,78.1176,J,3,2,2,1,false,true,true,true,true,EASY
rpl-6034661,Q,77.75,Q,3,1,3,1,false,true,true,true,true,EASY
rpl-6034829,S,69.5,S,1,1,3,1,false,true,true,true,false,EASY
rpl-6035030,N,128.1429,N,1,1,2,1,false,true,true,true,true,EASY
rpl-6035661,P,95.45,P,3,1,4,1,false,true,true,true,true,EASY
rpl-6019302,H,30.5,H,8,1,2,1,false,true,true,true,true,EASY
rpl-6027326,C,351.8514,C,1,1,12,1,false,true,true,true,true,EASY
rpl-6029685,I,22.25,I,1,1,2,1,false,true,true,true,false,EASY
rpl-6030033,C,351.8514,C,1,1,2,1,false,true,true,true,true,EASY
rpl-6033907,J,78.1176,J,4,1,2,1,false,true,true,true,true,EASY
rpl-6038639,C,351.8514,C,3,3,7,1,false,true,true,true,true,EASY
rpl-6040000,N,128.1429,N,1,1,2,1,false,true,true,true,true,EASY
rpl-6041561,M,98.7273,M,12,1,4,1,false,true,true,true,false,EASY
rpl-6041735,Q,77.75,Q,2,1,2,1,false,true,true,true,false,EASY
rpl-6035452,J,78.1176,J,1,1,3,1,false,true,true,true,true,EASY
rpl-6038187,M,98.7273,M,1,1,2,1,false,true,true,true,true,EASY
rpl-6038873,E,73.8,E,1,1,2,1,false,true,true,true,true,EASY
rpl-6041701,O,33.375,O,1,1,5,1,false,true,true,true,true,EASY
rpl-6043275,F,99.7727,F,2,1,2,1,false,true,true,true,true,EASY
rpl-6044901,O,33.375,O,1,1,2,1,false,true,true,true,true,EASY
rpl-6045603,H,30.5,H,1,1,2,1,false,true,false,false,true,HARD
rpl-6047437,S,69.5,S,1,1,5,1,false,true,true,true,true,EASY
rpl-6047637,G,39.7778,G,1,1,2,1,false,true,true,true,true,EASY
rpl-6048480,F,99.7727,F,1,1,5,1,false,true,false,true,true,MEDIUM
rpl-6044799,Q,77.75,Q,1,1,6,1,false,true,true,true,false,EASY
rpl-6046666,J,78.1176,J,1,1,2,1,false,true,true,true,false,EASY
rpl-6050568,E,73.8,E,3,3,2,1,false,true,true,true,true,EASY
rpl-6051575,K,48.0,K,1,1,3,1,false,true,true,true,true,EASY
rpl-6046586,J,78.1176,J,1,1,3,1,false,true,true,true,true,EASY
rpl-6049949,M,98.7273,M,9,1,3,1,false,true,true,true,false,EASY
rpl-6051833,C,351.8514,C,8,1,6,1,true,true,true,true,false,EASY
